{"api_list": [
        {
            "name": "Morrenus",
            "url": "https://manifest.morrenus.xyz/api/v1/manifest/<appid>?api_key=<moapikey>",
            "success_code": 200,
            "unavailable_code": 404,
            "enabled": true
        },
        {
            "name": "Ryuu",
            "url": "http://167.235.229.108/<appid>",
            "success_code": 200,
            "unavailable_code": 404,
            "enabled": true
        },
        {
            "name": "TwentyTwo Cloud",
            "url": "http://masss.pythonanywhere.com/storage?auth=IEOIJE54esfsipoE56GE4&appid=<appid>",
            "success_code": 200,
            "unavailable_code": 404,
            "enabled": true
        },
        {
            "name": "Sushi",
            "url": "https://raw.githubusercontent.com/sushi-dev55-alt/sushitools-games-repo-alt/refs/heads/main/<appid>.zip",
            "success_code": 200,
            "unavailable_code": 404,
            "enabled": true
        }
    ]}